id,tipo,clave,contenido,created_at
10,pros_contras,155,"## 👤 PERFIL ACADÉMICO Y PROFESIONAL
- Educación básica completa: primaria y secundaria, sin estudios universitarios declarados
- Inició trayectoria artística en Risas y Salsa y debutó en televisión en 1983 con Trampolín a la Fama
- Participación como comediante en Andina de Radiodifusión (2019) y Willax Televisión (2018), además de actividad artística independiente (2020-2025)
- No ha ocupado cargos de elección popular ni posiciones ejecutivas antes de postular a la presidencia

## 📋 PROPUESTAS CLAVE DEL PLAN DE GOBIERNO
- **Reducción de anemia infantil y seguridad alimentaria:** Disminuir anemia en menores de 6-35 meses en al menos 5 puntos porcentuales anuales mediante intervención focalizada y paquete de servicios integrados.
- **Reforma de política social con focalización dinámica:** Implementar catastro único actualizado permanentemente con focalización híbrida basada en ingresos y vulnerabilidad multidimensional.
- **Fortalecimiento de programas sociales:** Ampliar JUNTOS, Pensión 65 y CONTIGO con cobertura del 65-75% de la población objetivo.
- **Garantizar atención oportuna en salud:** Fortalecer primer nivel y redes integradas; reducir tiempo de espera para especialidades en 30%; implementar telemedicina en 70% de establecimientos priorizados (2028).
- **Recuperación de aprendizajes:** Incrementar logros satisfactorios en lectura y matemática en al menos 15 puntos porcentuales en territorios priorizados; reducir deserción en secundaria.
- **Igualdad de género y protección de poblaciones vulnerables:** Garantizar igualdad de derechos y protección efectiva contra violencia de género y exclusión social.
- **Inversión en seguridad pública:** Inversión histórica en inteligencia y contrainteligencia; construcción de nuevos penales con programas de trabajo.

## ✅ ASPECTOS POSITIVOS DEL CANDIDATO
- Ganador de los Luces Awards 2008 (mejor comediante) y 2009 (cara del año) por su desempeño artístico
- Trayectoria como comediante y trabajador independiente indica habilidades comunicativas y perfil público
- Ha completado educación primaria y secundaria en Lima

## ⚠️ ASPECTOS NEGATIVOS Y RIESGOS DEL CANDIDATO
- Fue condenado en 2002 por peculado (delito contra administración pública) vinculado a su rol como operador de Vladimiro Montesinos durante el régimen de Fujimori
- Omitió declarar un vehículo Mazda CX-90 2025 valorizado en 160,000 soles en su hoja de vida ante el JNE, declarando solo un Porsche 2013
- El Jurado Electoral Especial identificó presunta omisión de sentencia judicial por peculado en su declaración jurada de hoja de vida
- Ausencia total de experiencia en cargos públicos o gestión gubernamental antes de postular a la presidencia

## 🔍 INVESTIGACIONES PERIODÍSTICAS
- Programa Beto a Saber (Willax TV, enero 2026): revelación de omisión de condena por peculado en hoja de vida ante JNE
- Caretas (febrero 2026): exjueza Susana Castañeda, quien absolvió a Álvarez en 2006, es candidata al Senado por País para Todos (número 3)
- Agencia Andina: documentó omisión de condena por peculado vinculada a Vladimiro Montesinos y no declaración del auto Mazda CX-90

## 📊 CONCLUSIÓN NEUTRAL
Carlos Álvarez es comediante profesional sin formación universitaria ni experiencia en gestión pública o cargos electos; su información es parcialmente verificable pero incompleta, lo que reduce su probabilidad de éxito y aumenta riesgos institucionales. Su candidatura presenta controversias sobre transparencia debido a la omisión de antecedentes judiciales relacionados con peculado (delito contra la administración pública) y declaración incompleta de bienes. Encuestas a una semana de las elecciones lo colocan en segundo lugar. El plan de gobierno enfatiza política social, salud y educación con metas cuantificables, pero no hay trayectoria previa que acredite capacidad de gestión en temas públicos complejos de esta envergadura.",2026-04-11 16:30:40.630907
13,pros_contras,154,"## 👤 PERFIL ACADÉMICO Y PROFESIONAL

**Educación:** Licenciado en Economía, Magister en Economía con mención en Comercio y Finanzas Internacionales, y Doctor en Educación, todos por la Universidad San Martín de Porres. Múltiples doctorados honoríficos de universidades nacionales (La Cantuta, Emilio Valdizán de Huánuco, Privada de Chiclayo, Universidad Nacional de Tumbes).

**Trayectoria laboral:** Adjunto jefe de la oficina de administración del Proyecto Especial Tablachaca Electroperu del Instituto Geológico Minero y Metalúrgico (1982-1983); director en el Ministerio de Energía y Minas (1986-1989); asesor de la Comisión de Economía del Senado de la República (1990-1992).

**Empresario:** Fundó una pequeña academia en 1994 que derivó en el Consorcio Telesup; en 2004, Telesup se convirtió en universidad. La Universidad fue denegada en operar por SUNEDU en 2019 por no cumplir criterios básicos de calidad, aunque fue revisada en 2023.

**Carrera política:** Elegido regidor de la Municipalidad Metropolitana de Lima (1999-2002) como militante del Partido Aprista Peruano. En 2000 juramentó como congresista para 2000-2005, anunciando que se mantendría como independiente y alejándose de Solidaridad Nacional. Congresista por cinco periodos: períodos consecutivos de 2000 a 2016 y 2021-2026. Fue 3er vicepresidente del Congreso (2012-2013 y 2013-2014).

Participó activamente en comisiones: en su anterior gestión aprobó la Ley 29571, Código de Protección y Defensa del Consumidor. En 2018 fundó el partido Podemos Perú.

## 📋 PROPUESTAS CLAVE DEL PLAN DE GOBIERNO

- **Seguridad:** Recuperar control territorial con presencia policial estratégica y justicia rápida; reducir crimen organizado a través de investigación y sanción de redes (meta: 5% tasa de victimización urbana).
- **Pensiones:** Ampliar cobertura previsional mediante sistema mixto e inclusión de informales; asegurar 7 de cada 10 adultos mayores con pensión al 2031.
- **Propiedad y vivienda:** Formalizar 1 millón de viviendas adicionales tituladas al 2031 para dar seguridad jurídica.
- **Agua y saneamiento:** Acceso a agua potable para más de 1 millón de personas; cerrar brechas territoriales (meta: 100% de centros de salud con servicios).
- **Educación:** Ampliar acceso a universidad pública; lograr 50% con logro satisfactorio en lectura y matemática al 2031; 500 millones de soles adicionales para investigación y desarrollo.
- **Salud:** Fortalecer primer nivel de atención; garantizar 100% de establecimientos de salud con capacidad resolutiva; reducir anemia infantil a 0%, desnutrición a 8%, tuberculosis a 5%.
- **Anticorrupción:** Crear sistema anticorrupción con rango constitucional e independencia de intereses políticos; implementar ""muerte civil"" para corruptos; eliminar adendas lesivas en contratos.

## ✅ ASPECTOS POSITIVOS DEL CANDIDATO

- Durante su gestión 2011-2016, Luna solo cobró S/1.00 simbólicamente, donando su sueldo de congresista a la Asociación por los Pobres del Perú.
- Impulsó 4 leyes aprobadas en defensa de consumidores y democracia; 20 dictámenes beneficiaron a más de 30 millones de usuarios en salud, transporte, agua, telefonía, servicios bancarios.
- Trayectoria de superación personal: emigró de provincia, trabajó desde joven en diversos empleos (lustrador de zapatos, vendedor de tunas y polos, comerciante de bicicletas) antes de fundar empresa.

## ⚠️ ASPECTOS NEGATIVOS Y RIESGOS DEL CANDIDATO

- En 2002 fue suspendido por cinco años por presuntamente recibir dinero de la red de corrupción de Vladimiro Montesinos, suspensión levantada en 2006.
- En enero 2020, la fiscal Milagros Salazar solicitó 36 meses de prisión preventiva por aportes irregulares de Odebrecht y OAS a la campaña de Luis Castañeda en 2014, logrando comparecencia restringida.
- En agosto 2025, la Fiscalía formalizó acusación pidiendo 22 años de prisión contra Luna Gálvez por presunta organización criminal vinculada a captura de ONPE.
- Según investigación de fiscalía Lava Jato, Luna Gálvez actuó como ""brazo económico"" del trasiego de dinero mediante contabilidad de Telesup hacia aportes ilícitos de partidos políticos.
- En 2023, Poder Judicial le llamó la atención por viajar a Tumbes y Piura sin autorización judicial en proceso de lavado de activos, argumentando urgencia por lluvias.
- Telesup, su universidad insignia, fue denegada en licenciamiento por SUNEDU en 2019 por no cumplir criterios de calidad; está involucrada en investigación fiscal por organización criminal y lavado de activos.
- OjoPúblico encontró discrepancias en gastos de publicidad política digital: Luna Gálvez declaró S/2'100,000 en Facebook pero Meta registra entre S/800,000 y S/1'000,000, con $2.58 millones totales invertidos en Podemos entre 2019-2023.
- Fue férreo opositor a Ley Universitaria N° 30220 y SUNEDU; votó a favor de Ley N° 31520 para modificar estructura de SUNEDU, percibido como intento de beneficiar universidades no licenciadas.

## 🔍 INVESTIGACIONES PERIODÍSTICAS

- IDL-Reporteros (2024): Telesup envió amenazante carta a SUNEDU dos días después de que el partido Podemos respaldara la vacancia de Vizcarra; halló ocultamiento sistemático de estados financieros, inyecciones de capital sospechosas e incrementos patrimoniales injustificados.
- OjoPúblico (2023): Investiga inconsistencias en gastos de publicidad política digital de Luna Gálvez, su hijo y Podemos Perú; USD 2.58 millones invertidos no concuerdan con declaraciones a ONPE.
- El Comercio y otros medios (2000): Documentaron que Luna votó por reelección de Martha Hildebrandt (fujimorista) y blindajes a Montesinos en investigaciones por corrupción.

## 📊 CONCLUSIÓN NEUTRAL

José Luna Gálvez es un candidato con trayectoria política de 25 años que combina experiencia empresarial, gestión pública y trabajo legislativo en múltiples comisiones. Su historia personal de movilidad social contrasta con un perfil judicial complejo marcado por investigaciones en curso por presuntos delitos de corrupción y lavado de activos vinculados a aportes de Odebrecht-OAS, operaciones de su universidad Telesup y presunta captura de instituciones electorales. Sus propuestas de gobierno incluyen visiones anticorrupción contundentes (muerte civil para corruptos) mientras afronta acusación fiscal de 22 años de prisión. El candidato dispone de restricciones judiciales activas que limitan su libertad de movimiento. La evaluación de su candidatura requiere considerar tanto contribuciones legislativas documentadas como gravedad de investigaciones en etapa de acusación formal.",2026-04-11 16:33:18.505953
14,pros_contras,150,"## 👤 PERFIL ACADÉMICO Y PROFESIONAL

Nacida el 25 de mayo de 1975 en Lima, Keiko Sofía Fujimori Higuchi es hija del expresidente Alberto Fujimori y de Susana Higuchi. Obtuvo el grado de Licenciada en Administración de Empresas en Boston University, Estados Unidos, habiendo egresado y obtenido el título el 18 de mayo de 1997. Desde el 2004 hasta el 2008, Keiko realizó una Maestría en Administración de Empresas (MBA) en la Universidad de Columbia, Estados Unidos.

En 1994, con apenas diecinueve años, asumió el cargo de Primera Dama tras la separación de sus padres, mientras su padre ejercía la presidencia. El inicio formal de la carrera política de Keiko Fujimori se dio en 2006 cuando fue congresista de la República de la mano de Alianza por el Futuro, organización con la que postuló en calidad de invitada. En abril de 2006 resultó elegida congresista de la República por el departamento de Lima, obteniendo 602.869 votos, y el fujimorismo se convirtió en la tercera fuerza política del país siendo ella la congresista más votada.

En cinco años de vida parlamentaria presentó diecisiete proyectos de ley, de los cuales fueron aprobados cinco. En 2009, fundó Fuerza Popular, partido que lidera como presidente desde el 2010 hasta la actualidad. La información presentada por Keiko Fujimori ante el Jurado Nacional de Elecciones (JNE) detalla como única experiencia laboral el cargo de presidenta del partido político Fuerza Popular.

La universidad de Florida confirma que Fujimori es parte del programa de «Distinguished World Leadership Fellows», sin ser una profesora contratada oficialmente para dictar clases. Recordó su experiencia laboral en Estados Unidos: ""Durante este período pude trabajar en GM Asset Management, una empresa de manejo de fondos de pensiones en Nueva York"".

## 📋 PROPUESTAS CLAVE DEL PLAN DE GOBIERNO

- **Sistema Nacional de Comando y Videovigilancia (C5i):** Implementar un Sistema Nacional Interconectado de C5i en las 24 regiones del país con mapas del delito en tiempo real e inteligencia artificial.
- **Telemedicina nacional:** Garantizar la telemedicina operativa en el 100% de centros del primer nivel y reducir en 30% los tiempos de espera hospitalaria.
- **Vivienda digna:** Asegurar viviendas adecuadas para 1.25 millones de peruanos vulnerables mediante Techo Propio, MiVivienda y Vivienda Rural.
- **Ventanilla Única Digital Nacional:** Digitalizar al menos el 80% de los trámites empresariales con inteligencia artificial y tercerización regulada.
- **Líneas de metro:** Poner en operación 6 líneas de metro: 4 en Lima y 1 en Arequipa, Trujillo y Piura.
- **Formalización de MYPEs:** Asegurar que al menos el 40% de las MYPE formales accedan a crédito productivo mediante programas de garantías y capital semilla.
- **Productividad agrícola:** Aumentar en 30% la productividad agrícola nacional mediante asistencia técnica, financiamiento, mecanización e infraestructura productiva.

## ✅ ASPECTOS POSITIVOS DEL CANDIDATO

- Defiende su experiencia y resiliencia, resaltando que es la única mujer que pasó la primera vuelta.
- Su partido obtuvo la mayoría en el Congreso durante el periodo de Pedro Pablo Kuczynski, lo que le permitió marcar la agenda nacional.
- Reconoció públicamente los desafíos personales y políticos de los últimos años, incluida su prisión preventiva, el fallecimiento de sus padres y su divorcio, episodios que, según sus propias palabras, fortalecieron su carácter y renovaron su compromiso con el país.

## ⚠️ ASPECTOS NEGATIVOS Y RIESGOS DEL CANDIDATO

- Durante los últimos años, Keiko Fujimori enfrentó múltiples investigaciones judiciales, principalmente por supuestos aportes ilícitos relacionados con el caso Odebrecht.
- La Fiscalía Supraprovincial Corporativa Especializada de Delitos de Corrupción de Funcionarios ha solicitado penas de prisión de 30 años y 10 meses para Keiko Fujimori por presuntos actos de corrupción.
- El juez Richard Concepción Carhuancho desestimó los argumentos presentados por la defensa de Fujimori Higuchi y le impuso 36 meses de prisión preventiva en octubre de 2018.
- La lideresa de Fuerza Popular admitió que su partido desconocía que lleva en sus listas al Senado y la Cámara de Diputados a 28 postulantes con sentencias firmes, explicando que algunos aspirantes omitieron datos en sus hojas de vida.
- Alberto Fujimori gastó 1 millón 225 mil dólares por los estudios de sus hijos Keiko, Hiro, Sachi y Kenyi en los Estados Unidos; y aquel no pudo haber pagado esta suma con dinero de sus ingresos porque no cobraba sueldo durante su mandato, como se indica en una nota que cita a la Contraloría.
- El costo de los estudios de Fujimori en los Estados Unidos fue reportedly funded por el Jefe del Servicio de Inteligencia Nacional (SIN) Vladimiro Montesinos, y una fundación en Panamá que recibió transferencias de la cuenta de Montesinos pagó por los estudios en Boston University.

## 🔍 INVESTIGACIONES PERIODÍSTICAS

- **IDL-Reporteros (2017, 2024):** Publicó la agenda personal de Marcelo Odebrecht con la expresión ""aumentar Keiko para 500"", implicando a la candidata en aportes de Odebrecht. Posteriormente documentó la acusación fiscal por presunto lavado de activos por 2 millones 192 mil 859 dólares. En 2024, informó sobre 94 investigaciones contra el fiscal Pérez Gómez en la Fiscalía Suprema de Control Interno, con más del 60% iniciadas en el marco del caso Lava Jato.

- **OjoPúblico (2019, 2020):** Documentó presión de Keiko Fujimori al Consejo Nacional de la Magistratura para no ratificar a la juez Edita Condori. Reveló que colaboradores eficaces informaron sobre gestiones personales de Fujimori para ""controlar o dirigir la investigación"" del fiscal Pérez.

- **Cuarto Poder (2026):** Reveló que Fuerza Popular lleva a 28 candidatos con sentencias firmes, incluyendo casos de tentativa de homicidio, corrupción y omisión de asistencia familiar, varios sin reportar antecedentes en hojas de vida ante el JNE.

- **La República (2021, 2024):** Reportó que Keiko Fujimori mintió al decir que es profesora en Universidad de Florida, siendo solo becaria. En 2024 documentó detalladamente el caso Cócteles con cronología y acusaciones fiscales específicas.

## 📊 CONCLUSIÓN NEUTRAL

Keiko Fujimori se presenta para su cuarto intento presidencial tras tres derrotas en segunda vuelta (2011, 2016, 2021). Posee formación académica en administración de empresas de universidades estadounidenses prestigiosas y experiencia parlamentaria entre 2006-2011. Su carrera política se ha concentrado en la presidencia de Fuerza Popular desde 2010. Su candidatura genera polarización significativa: sus seguidores valoran su experiencia administrativa y política, mientras que detractores señalan múltiples investigaciones judiciales, incluyendo acusación fiscal por supuestos aportes ilícitos de Odebrecht con solicitud de 30 años de prisión. El caso Cócteles fue archivado en 2026 mediante fallo del Tribunal Constitucional. Su gestión parlamentaria produjo 5 leyes aprobadas de 17 presentadas. El partido que lidera incluye candidatos con sentencias penales no declaradas inicialmente. Su plan de gobierno enfatiza infraestructura digital, seguridad y formalización económica.",2026-04-11 16:35:39.915477
16,pros_contras,157,"## 👤 PERFIL ACADÉMICO Y PROFESIONAL

Licenciado en Psicología por la Universidad Nacional Mayor de San Marcos, obteniendo el grado de bachiller en 1998 y el título profesional en el año 2000.
Maestría en Políticas Sociales en la Pontificia Universidad Católica del Perú.

Director de Administración en el Ministerio de Salud (2015-2016), responsable evaluador de Proyectos de Inversión Pública – SNIP de la red Lima Norte del Minsa (2016), gerencia de Administración y Finanzas de la Red SISOL de la Municipalidad de Lima (2013-2014) y dirección de Políticas y Planes de Concytec (2012).
En 2020 fue gerente de Desarrollo Social de la Municipalidad Provincial de Huaral, en 2019 fue gerente de Capital Humano de la Municipalidad Distrital de San Borja y entre el 2017 y 2018 se desempeñó como gerente de Administración y Finanzas de Municipalidad Provincial de Huaura.
Ministro de Comercio Exterior y Turismo durante el gobierno de Pedro Castillo (2021-2022), siendo uno de los ministros que más tiempo permaneció en el cargo.
Congresista de la República (2021-2026) por Lima Metropolitana.
En 2024 asumió el cargo de apoderado y representante legal de Juntos por el Perú.

## 📋 PROPUESTAS CLAVE DEL PLAN DE GOBIERNO

- **Salud:** Implementar Redes Integradas de Salud en todo el territorio nacional con 70% operativas al 2031 y reducción del gasto de bolsillo en salud a menos del 15%.
- **Educación:** Analfabetismo cero, deserción escolar menor a 2%, 90% de docentes nombrados, incremento de 200% en vacantes de universidades públicas en carreras de medicina humana.
- **Infraestructura y equipamiento:** Plan Maestro Específico en Salud para fortalecimiento y ampliación de infraestructura, 70% de establecimientos de primer nivel con capacidad instalada adecuada.
- **Personal de salud:** 40 médicos, enfermeros y obstetras por cada 10 mil habitantes; 20 médicos en primer nivel de atención; 5 nutricionistas, psicólogos, odontólogos y tecnólogos médicos por cada 10 mil habitantes.
- **Sistemas de referencia:** Sistema nacional único de referencia y contrarreferencia interoperable con reducción de 40% en tiempo de respuesta.
- **Prevención sanitaria:** Fortalecer red de vigilancia integrada y sistemas de alerta temprana para identificar riesgos sanitarios y contingencias epidemiológicas.
- **Reforma Policial:** Formación policial moderna priorizando inteligencia e investigación criminal para desarticular bandas de extorsión.

## ✅ ASPECTOS POSITIVOS DEL CANDIDATO

- Fue uno de los ministros que más tiempo permaneció en el cargo durante el gobierno de Pedro Castillo, manteniéndose leal al exmandatario hasta el final de su gestión.
- Ha experimentado crecimiento significativo en la intención de voto, pasando de 3,2% a 9% en votos válidos en menos de un mes, ubicándose entre los cinco principales candidatos.
- Ha promovido proyecto de ley derogando pensiones para ex presidentes constitucionales, alineado con crítica a privilegios institucionales.

## ⚠️ ASPECTOS NEGATIVOS Y RIESGOS DEL CANDIDATO

- Un informe de control reveló el uso de la caja chica del ministerio para gastos personales, incluyendo consumos en restaurantes y servicios de lavandería, registrados como reuniones de trabajo.
- Se le atribuye la contratación de allegados partidarios mediante el Fondo de Apoyo Gerencial con remuneraciones de hasta 15.000 soles mensuales sin concursos públicos, y la Fiscalía mantiene investigaciones abiertas por presuntos recortes de sueldos a trabajadores del ministerio obligados a entregar 10% de sus remuneraciones para renovar contratos.
- Se le imputa coautoría en delitos de Rebelión y alternativamente Conspiración en relación con el fallido golpe de Estado de 2022.
- Su ascenso a la dirección de Juntos por el Perú fue criticado por antiguos dirigentes del partido, acusándolo de manipular procedimientos internos y desplazar a los cuadros fundadores; Yehude Simon, fundador de la agrupación, ha cuestionado abiertamente la ética de Sánchez y su forma de conducción partidaria.

## 🔍 INVESTIGACIONES PERIODÍSTICAS

- Investigado por presunta coautoría en rebelión y conspiración en el fallido golpe de Estado de 2022 (LPDerecho).
- Acusado de corrupción en el Mincetur, incluyendo sobornos y contrataciones irregulares (Infobea).

## 📊 CONCLUSIÓN NEUTRAL

Roberto Helbert Sánchez Palomino presenta una trayectoria con experiencia en gestión pública, tanto en gobiernos locales como en el ejecutivo nacional, con formación académica en psicología y políticas sociales. Su plan de gobierno enfatiza temas de educación pública gratuita, cobertura universal en salud y reforma institucional. Sin embargo, su candidatura se ve afectada por investigaciones fiscales por presuntos delitos durante su gestión ministerial y su imputación en el contexto del golpe de Estado de 2022, así como cuestionamientos sobre prácticas internas en su gestión partidaria. El elector debe evaluar estos antecedentes junto con sus propuestas programáticas.",2026-04-11 16:41:24.802275
17,pros_contras,156,"## 📋 PROPUESTAS CLAVE DEL PLAN DE GOBIERNO

- **Seguridad y justicia:** Derogación de leyes ""pro-crimen"" el primer día de gobierno y creación de unidades de flagrancia en penales para condenas inmediatas.
- **Educación:** Incremento de 15 puntos porcentuales en estudiantes de cuarto de primaria con nivel satisfactorio en lectura y mejora de habilidades socioemocionales.
- **Empleo:** Generación de un millón de empleos a través de proyectos de infraestructura, energía y logística, con énfasis en puerto de Chancay.
- **Institucionalidad:** Reforma constitucional para establecer reglas claras en relación Ejecutivo-Legislativo y crear renovación parcial del Congreso a mitad de mandato.
- **Salud:** Implementación de Historia Clínica Electrónica Única y articulación MINSA-EsSalud.
- **Minería:** Diferenciación entre minería informal (con formalización) e ilegal (combate intenso).
- **Gobernanza:** Filtros de integridad para funcionarios públicos y trazabilidad del gasto estatal.

---

## ✅ ASPECTOS POSITIVOS DEL CANDIDATO

- **Formación académica sólida:** Graduada con honores en Derecho en la Universidad de San Martín de Porres con postgrados en constitucional, derechos humanos y medio ambiente en instituciones nacionales e internacionales.
- **Experiencia legislativa comprobada:** Presidió la Comisión de Justicia y Derechos Humanos del Congreso (2012-2013), demostrando liderazgo en comisiones clave.
- **Experiencia ministerial:** Durante su gestión como ministra, impulsó reformas estructurales en el Instituto Nacional Penitenciario.
- **Sin antecedentes penales:** La candidata presidencial de Primero La Gente no consigue sentencias en su hoja de vida.

---

## ⚠️ ASPECTOS NEGATIVOS Y RIESGOS DEL CANDIDATO

- **Decretos polémicos como ministra:** Como ministra de Justicia, fue signataria del Decreto Legislativo N° 1301 y el Decreto de Urgencia N° 003-2017, criticados por otorgar beneficios a empresas investigadas por corrupción como Odebrecht.
- **Controversia sobre leyes pro-crimen:** Se le critica por haber promovido y promulgado decretos legislativos durante su cargo que habrían favorecido directamente a la empresa Odebrecht.
- **Partido con antecedentes cuestionables:** Su partido actual (Primero La Gente) enfrenta controversia por acusaciones a su fundador Miguel del Castillo, quien renunció como candidato tras supuestamente direccionar S/ 464 mil del dinero de la franja electoral a su excanal Nativa.
- **Patrimonio en crecimiento durante cargo público:** Entre 2011 y 2015 (período como congresista), el valor total declarado de bienes aumentó 246.76%.

---

## 🔍 INVESTIGACIONES PERIODÍSTICAS

**Caretas (2026):** Durante debate presidencial, Pérez Tello fue acusada por Rafael López Aliaga de tener un juicio de 1 millón de dólares de OAS y Odebrecht relacionado con su rol como ministra.

**Perú Libre (2025):** Publicó críticas afirmando que Pérez Tello fue signataria de decretos que otorgaban impunidad a grandes criminales, entre ellos figuras vinculadas a Odebrecht.

---

## 📊 CONCLUSIÓN NEUTRAL

María Soledad Pérez Tello posee credenciales académicas sólidas en Derecho, experiencia legislativa documentada en comisiones de justicia y gestión ministerial previa. Sin embargo, su administración como ministra enfrenta críticas por haber promulgado decretos legislativos que habrían beneficiado a empresas investigadas por corrupción. Adicionalmente, su afiliación a Primero La Gente presenta complicaciones derivadas de acusaciones contra líderes partidarios. Su plan de gobierno enfatiza seguridad, justicia y empleo, pero la coherencia entre sus propuestas actuales y su gestión anterior en corrupción representa un nudo crítico de análisis para el elector.",2026-04-11 16:42:27.594495
18,pros_contras,152,"## 📋 PROPUESTAS CLAVE DEL PLAN DE GOBIERNO

- **Reforma judicial y combate a la corrupción:** Reforma del Poder Judicial y Ministerio Público con cadena perpetua para casos de corrupción en perjuicio del Estado.
- **Seguridad ciudadana:** Jueces especiales para organizaciones criminales, expulsión inmediata de extranjeros condenados, grilletes electrónicos para delincuentes primarios.
- **Programas sociales:** Programa Hambre Cero para eliminar anemia y desnutrición.
- **Sector salud:** Red de hospitales de solidaridad y construcción de nuevos hospitales.
- **Modernización administrativa:** Reducción de ministerios con meritocracia y simplificación de procesos administrativos.
- **Reactivación económica:** Garantizar crecimiento anual del PBI superior a 8% con privatización de PetroPerú y empresas eléctricas.
- **Infraestructura energética:** Generación de electricidad mediante hidroeléctricas, eólicos y fotovoltaicos; convertirse en exportador de energía eléctrica en Sudamérica.

## ✅ ASPECTOS POSITIVOS DEL CANDIDATO

- Durante su gestión como alcalde de Lima en 2024 lideró la emisión inaugural de bonos internacionales por S/ 1,200 millones, reconocida por la revista LatinFinance como la Mejor Colocación de Bonos del año en una ceremonia en Nueva York, destacándose la solidez de su estrategia de financiamiento y transparencia para atraer inversores internacionales.
- Registra ingresos anuales cercanos a los S/ 1.9 millones principalmente vinculados a participaciones empresariales, ubicándose entre los candidatos con mayores ingresos declarados.
- Es un reconocido empresario con participación en sectores de transporte ferroviario (PeruRail), hotelería y educación (Colegio Los Álamos).

## ⚠️ ASPECTOS NEGATIVOS Y RIESGOS DEL CANDIDATO

- La fiscal Manuela Villar formalizó investigación preparatoria contra López Aliaga por lavado de activos procedente del delito contra la administración pública en el caso de la Caja Metropolitana, con el agravante de integrar una organización criminal.
- Sus empresas mantienen una deuda coactiva cercana a los S/ 13 millones con la Sunat correspondiente a obligaciones de los años 2001, 2005 y 2006.
- Será investigado por presunto delito contra la administración pública en modalidad de colusión y negociación incompatible debido a que durante su gestión como alcalde endeudó la Municipalidad de Lima por S/ 4 mil millones a través de un proceso de emisión de bonos calificado como ""irregular"" e ""ilegal"".
- Ha renovado amenazas contra el periodista Gustavo Gorriti afirmando que de llegar a la presidencia instruirá a la Procuraduría General del Estado para abrir un proceso por organización criminal contra el director de IDL-Reporteros.

## 🔍 INVESTIGACIONES PERIODÍSTICAS

- IDL-Reporteros: Investigación preparatoria formalizada por lavado de activos (julio 2021) procedente de corrupción en la Caja Metropolitana con participación de López Aliaga en toda la trama de corrupción.
- IDL-Reporteros/Papeles de Panamá: Revelación de sociedades offshore constituidas a través de Mossack Fonseca; constitución duplicada de empresas mediante offshore con Peruval Corp manteniéndose con deuda de S/13 millones a Sunat.
- OjoPúblico: Análisis sistemático de polarización en discurso de López Aliaga basado en teorías de conspiración sobre comunismo global, Odebrecht y periodismo como ""enemigo"" (El Comercio, La República, IDL-Reporteros, OjoPúblico).
- IDL-Reporteros/Red Ama Llulla: Verificación de falsedad en afirmación de López Aliaga sobre consultorías por 4 mil millones de dólares anuales (février 2023).
- IDL-Reporteros/Red Ama Llulla: Verificación de falsedad en afirmación sobre cartillas de ""homosexualización"" para niños de cuatro años.

## 📊 CONCLUSIÓN NEUTRAL

Rafael Bernardo López Aliaga Cazorla presenta un perfil de empresario exitoso con experiencia significativa en sectores de infraestructura, hotelería y finanzas, así como gestión pública como alcalde de Lima. Sin embargo, su candidatura se desarrolla en medio de investigaciones fiscales activas por lavado de activos vinculado a los Papeles de Panamá, deudas tributarias de millones de soles en sus empresas, y una investigación por endeudamiento cuestionado de la Municipalidad. Adicionalmente, ha registrado tensiones públicas con la prensa investigativa mediante amenazas contra periodistas. Su plan de gobierno enfatiza reforma institucional, crecimiento económico mediante privatizaciones y modernización administrativa. Los electores deben evaluar tanto su trayectoria empresarial como el estado de las investigaciones judiciales abiertas y sus posturas políticas para formar su juicio crítico.",2026-04-11 16:46:06.465801
19,pros_contras,147,"## 📋 PROPUESTAS CLAVE DEL PLAN DE GOBIERNO

- **Infraestructura y vivienda**: Construcción de 1.25 millones de viviendas quinquenales; centralización de Empresas Prestadoras de Servicios y proyectos de plantas desaladoras y tratamiento de aguas residuales mediante APP.
- **Salud**: Asegurar acceso a servicios de salud; implementar ""Plan Mil"" vía APP; adjudicar 32 hospitales bajo modalidad de APP y OXI durante el quinquenio.
- **Educación**: Reestructurar MINEDU incluyendo inglés e IA en currículo; construir 1 COAR por región; adjudicar 135 colegios bajo APP/OXI en el período.
- **Reforma estatal**: Reducción de 19 a 10 ministerios para eliminar duplicidades; crear un Centro de Gobierno y fortalecer vicepresidencias.
- **Seguridad ciudadana**: Lucha contra crimen organizado mediante inteligencia avanzada; crear Ministerio de Defensa y Seguridad Interna (integrando FF.AA. y PNP); meta de reducir denuncias de extorsión de 32 a 10 por 100 mil habitantes.
- **Inversión privada**: Adjudicar US$ 80 mil millones en proyectos APP y Proyectos en Activos durante los cinco años.
- **Sectores económicos clave**: Desarrollo agroexportador, minería formal con ventanilla única digital, pesca industrial, acuicultura e inversión privada en energía y Petroperú.

## ✅ ASPECTOS POSITIVOS DEL CANDIDATO

- Trayectoria empresarial exitosa en educación: Fundó la Universidad César Vallejo en 1991, convirtiendo más de 150,000 estudiantes en acceso a educación superior.
- Logros electorales: Ganó la alcaldía de Trujillo en 2006, terminando 44 años de dominio del APRA; fue reelecto en 2010 con 43.9% de votos.
- Afirma no registrar denuncias por corrupción tras 26 años en gestión pública, lo que según sus declaraciones le otorga autoridad moral.
- Fundó Alianza para el Progreso (APP) el 8 de diciembre de 2001, convirtiendo su partido en una de las agrupaciones más representativas del país a nivel provincial.

## ⚠️ ASPECTOS NEGATIVOS Y RIESGOS DEL CANDIDATO

- En 2011 fue sancionado cinco veces por violando neutralidad electoral en su cargo de alcalde, actuando a favor de su hijo y candidato Pedro Pablo Kuczynski.
- En mayo 2013, video reveló que Acuña propuso a miembros de su partido ""comprar votos"" para reelección como alcalde; admitió el hecho pero negó uso de fondos públicos.
- Investigación por plagio de tesis doctoral ante Universidad Complutense de Madrid; aunque la universidad en junio 2017 decidió no anular la investigación, la Comisión de Doctorado anunció año anterior que había ""mala praxis"".
- Fue excluido de contienda presidencial 2016 por el JNE por violación de ley de partidos políticos al entregar dinero en efectivo a ciudadanos en presentaciones políticas.
- La Fiscalía Provincial Corporativa Especializada en Delitos de Corrupción de La Libertad abrió en abril 2025 investigación preliminar contra Acuña por presunta colusión; denuncia señala más de 2 millones de soles del Gobierno Regional destinados irregularmente a campañas de publicidad.
- Desde 2000 hasta marzo 2026 acumula 132 expedientes en Ministerio Público donde figura mayormente como imputado (100 carpetas principales), distribuidos en 16 distritos fiscales con concentración en La Libertad (67) y Lima (28).

## 🔍 INVESTIGACIONES PERIODÍSTICAS

- IDL-Reporteros: Diez de 35 frases por las que periodista Christopher Acosta fue condenado se refieren al vínculo de Acuña con Vladimiro Montesinos; exsecretaria de Montesinos, Matilde Pinchi Pinchi, declaró en 2001 haber visto a Acuña en instalaciones del SIN en Chorrillos.
- OjoPúblico: SUNEDU sancionó a Universidad César Vallejo por usar activos para fines no educativos en beneficio de su fundador César Acuña.
- OjoPúblico (2026): Halló que candidato pretende que sus dos hermanos, investigados por lavado de dinero, lleguen al Congreso; su linaje político comenzó cuando él fue legislador (2001-2006), seguido por su hijo Richard (2011-2019) y hermano Humberto (2020-2021).
- IDL-Reporteros: Acuña requirió a Presidenta Camones aprobación de proyecto Alto Trujillo por ""estratégico"" con ""120 mil electores""; fiscal de la nación archivó investigación contra Camones una semana antes de votación en Congreso.
- Proceso legal: Acuña demandó a periodista Christopher Acosta y director de editorial Random House por libro ""Plata como cancha""; solicitó 100 millones de soles como reparación.

## 📊 CONCLUSIÓN NEUTRAL

César Acuña Peralta presenta una trayectoria mixta como empresario educativo, funcionario público y líder político. Es figura controversial en política peruana con logros documentados en educación superior privada y electores en el norte del país, pero también enfrenta múltiples investigaciones fiscales y antecedentes de violaciones a normas electorales. Su plan de gobierno enfatiza inversión privada, seguridad ciudadana y reducción de aparato estatal, con metas cuantificables en varios sectores. Sin embargo, su intención de voto permanece reducida (4.0% en Ipsos marzo 2026, 3.6% en Datum febrero 2026), sin romper barrera del 5%. Los ciudadanos electores deben evaluar sus propuestas considerando tanto su experiencia como los cuestionamientos documentados sobre su trayectoria personal y administrativa.",2026-04-11 16:50:13.105518
21,pros_contras,148,"## 📋 PROPUESTAS CLAVE DEL PLAN DE GOBIERNO

- **Salud universal descentralizada:** Construcción y/o remodelación de 500 establecimientos de salud de primer nivel en todo el país, equipamiento y personal completo en todos ellos y plena digitalización de historias clínicas interoperables para 2031.

- **Educación inclusiva:** 100% de estudiantes de 3 a 5 años accedan a educación inicial, erradicar la deserción escolar y asegurar comprensión lectora y dominio matemático universal.

- **Reforma policial integral:** Policía Nacional íntegra y profesional, con ascensos por concurso público y supervisión de la autoridad civil (SERVIR) en los procesos, y que los cargos directivos policiales y hospitalarios se asignen sin injerencia política.

- **Industrialización mediante triple hélice:** Propone industrializar el país mediante una alianza entre la academia, el Estado y la empresa privada (modelo de la ""Triple Hélice""), apoyando la inversión privada pero con enfoque en el desarrollo nacional y valor agregado.

- **Infraestructura de transporte:** Garantiza construir el Tren de la Costa que unirá Barranca, Lima e Ica, culminará la accidentada Línea 2 y comenzará con las obras de las Líneas 3 y 4 del Metro de la capital.

- **Fondo de reserva soberano:** Creará un fondo de reserva nacional alimentado por los ingresos de la minería y los excedentes fiscales, dinero que se usará exclusivamente para financiar grandes obras públicas y proyectos estratégicos.

- **Reforma de seguridad social:** El Estado abrirá una cuenta en el Banco de la Nación para cada recién nacido con un aporte económico inicial que crecerá a lo largo de toda su vida para su jubilación, con un porcentaje del IGV de cada compra con factura electrónica.

## ✅ ASPECTOS POSITIVOS DEL CANDIDATO

- **Trayectoria académica rigurosa:** Graduado con carta de felicitación en su doctorado de Economía de la UNAM en 2005 y reconocido como una de las personalidades más influyentes en educación superior con 15.3% en un sondeo de más de 4,800 personas en 2023.

- **Apertura a manifestantes durante crisis social:** Durante las protestas contra Dina Boluarte en 2022 y 2023, López Chau otorgó refugio a algunos manifestantes intentando evitar violencia de protesta, accediendo a albergar delegaciones de estudiantes universitarios durante las marchas.

- **Declaraciones de austeridad fiscal:** Ha reiterado su intención de ser ""un presidente pobre y morir pobre"", colocando el servicio público por encima de los intereses personales.

- **Liderazgo académico reconocido:** Ha liderado proyectos de responsabilidad social como la ""Academia de Líderes"" en colaboración con la ONU Perú y ""Nivelación Escolar"" para reducir disparidades educativas.

## ⚠️ ASPECTOS NEGATIVOS Y RIESGOS DEL CANDIDATO

- **Investigación penal vigente por corrupción:** La Fiscalía Anticorrupción citó al candidato presidencial por presuntos delitos de peculado doloso y negociación incompatible, ampliando la investigación por 8 meses en enero de 2026. López-Chau es acusado por la Fiscalía de haber designado a su amiga Sonia Anapán como secretaria general de la UNI el 21 de diciembre de 2021, a pesar de que no cumplía con el perfil ni tenía la experiencia requerida.

- **Presunto favorecimiento a militantes del partido:** Tres personas vinculadas a Ahora Nación habrían suscrito diversos contratos con la UNI por montos ascendentes a S/ 54,000, S/ 75,000 y S/ 32,000 durante 2022-2024, con la fiscalía sosteniendo que dichas contrataciones denotarían un presunto patrón de favorecimiento indebido.

- **Omisión de información en hoja de vida electoral:** El candidato no declaró ser socio fundador de ""CENTRO MEDICO GESTIÓN & SALUD S.A.C"" inscrita en registros públicos, por lo que se le acusó de información falsa. No consignó en su hoja de vida que estuvo recluido en un penal durante la década de 1970 ni que posteriormente fue amnistiado.

- **Artículo de 1989 elogiando a terrorista:** En diciembre de 2025 se viralizó una columna de opinión de López-Chau publicada en 1989 en la revista Cambio, donde calificaba al cabecilla terrorista del MRTA Víctor Polay como ""luchador social y político"". López-Chau explicó que la indulgencia se debió a una amistad juvenil entre los 15 y los 20 años que nunca se tradujo en coincidencia ideológica ni política con el terrorismo.

## 🔍 INVESTIGACIONES PERIODÍSTICAS

El candidato presidencial Alfonso López Chau afronta una investigación fiscal por colusión agravada por presuntas irregularidades durante su gestión como rector de la UNI. (El Comercio, 2026)

De acuerdo con investigación del dominical Cuarto Poder, 11 postulantes de Ahora Nación cuentan con sentencias firmes entre ellas por peculado y omisión a la asistencia familiar, y otros candidatos mantienen deudas con la SUNAT y Tesoro Público, incluyendo a Andrés Asín Meléndez con sentencia por peculado, y Jaime Montalico Ccalla con investigación por tocamientos indebidos. (Cuarto Poder / América Noticias, febrero 2026)

OjoPúblico verificó que era falsa una imagen que mostraba una supuesta encuesta donde López-Chau obtenía 10.5% en intención de voto, cuando en realidad obtuvo 4% y 5.7% en encuestas de Ipsos y Datum, ubicándose entre tercera y cuarta posición. (OjoPúblico, marzo 2026)

No se encontraron investigaciones específicas publicadas por IDL-Reporteros, Caretas o Hildebrandt en sus Trece directamente dirigidas al candidato López Chau, aunque medios como El Comercio, La República, Perú21 y programas como Cuarto Poder han cubierto su caso penal.

## 📊 CONCLUSIÓN NEUTRAL

Pablo Alfonso López Chau presenta un perfil académico sólido con doctorado en Economía y una larga trayectoria universitaria, combinado con gestión en instituciones de alto nivel como el Banco Central de Reserva. Su visibilización política surgió en 2023 durante las protestas sociales al albergar manifestantes en la UNI, generando respaldo entre jóvenes y sectores de izquierda. Su plan de gobierno enfatiza descentralización, universalismo en servicios públicos e industrialización nacional.

Sin embargo, enfrenta desafíos significativos: una investigación fiscal por peculado doloso y negociación incompatible vinculada a su gestión rectoral, acusaciones de favorecimiento a militantes de su partido, omisiones en declaraciones electorales y un artículo de 1989 elogiando a un cabecilla terrorista. Aunque sostiene que su detención en los años 70 fue política y fue amnistiado, su no inclusión en hoja de vida generó controversia sobre transparencia electoral. Además, el partido que dirige presenta candidatos con sentencias firmes y denuncias pendientes, lo cual contrasta con su discurso de renovación ética.

El candidato es elegible legalmente según autoridades electorales, pero su situación judicial permanece en desarrollo mientras se desarrollan las elecciones, creando incertidumbre sobre su capacidad de gobierno en caso de triunfo electoral.",2026-04-11 16:52:16.679298
22,pros_contras,153,"## 👤 PERFIL ACADÉMICO Y PROFESIONAL

- Licenciado en Administración de Empresas por la Universidad de Lima, sin estudios de posgrado ni formación académica adicional.
- Empresario en Red Bicolor de Comunicaciones S.A.A. desde 1986, empresa propietaria de RBC Televisión fundada por el propio Belmont; fue Director del Instituto Peruano de Administración de Empresas (IPAE) 1979-1981.
- Entre 1981 y 2005 fue promotor y conductor principal de la Teletón Perú.
- Alcalde Metropolitano de Lima durante 1990–1995; en su gestión destacan la ampliación de Avenida Universitaria, el bypass de Alfonso Ugarte, el Óvalo Higuereta, y supervisó la construcción del Puente Nuevo que une El Agustino y San Juan de Lurigancho.
- Congresista accesitario entre 2009 y 2011, en representación de la Alianza Electoral Frente de Centro, tras asumir el cargo en reemplazo del fallecido exalcalde Alberto Andrade.

## 📋 PROPUESTAS CLAVE DEL PLAN DE GOBIERNO

- **Eje social:** Aumentar cobertura de servicios de salud al 85% en áreas rurales y vulnerables, rehabilitar 50% de puestos de salud y construir 50 nuevos centros.
- **Eje justicia:** Reestructurar el Sistema de Justicia incluyendo Policía Nacional, Ministerio Público y Poder Judicial con control riguroso.
- **Eje pobreza:** Reducir pobreza extrema a través de capacitación laboral, microcréditos comunitarios y reducir acceso limitado a servicios básicos al 3%.
- **Eje seguridad ciudadana:** Recuperar 1,000 plazas públicas e intervenir 5,000 comités cívicos de vigilancia en asentamientos humanos.
- **Eje infraestructura social:** Construir o mejorar 2,000 losas deportivas barriales y equipar 500 centros culturales/bibliotecas.
- **Eje vulnerables:** Implementar Sistemas de atención domiciliaria en 200 municipios para 50,000 adultos mayores y personas con discapacidad severa.
- **Eje obras paralizadas:** Culminar 1,500 obras educativas y de salud paralizadas en 60 días tras identificación.

## ✅ ASPECTOS POSITIVOS DEL CANDIDATO

- Fue el primer outsider de América Latina en 1989, con amplia experiencia en gestión independiente al margen de partidos tradicionales.
- Bajo su liderazgo, Lima recibió en 1991 el título de Patrimonio Cultural de la Humanidad por la Unesco, gracias a los esfuerzos del Patronato de Lima.
- En años recientes se ha reinventado como activo youtuber y comentarista político, manteniendo una postura crítica al sistema con discursos nacionalistas.

## ⚠️ ASPECTOS NEGATIVOS Y RIESGOS DEL CANDIDATO

- El proyecto ""Canal del Pueblo"" de los años 80 contó con más de 100,000 inversionistas; al menos 56,000 accionistas han denunciado que nunca recibieron retorno de aproximadamente 7 millones de dólares recaudados, y muchos aportantes fallecieron esperando la devolución.
- El candidato registra al menos cuatro investigaciones fiscales en el Ministerio Público, incluyendo indagaciones por presunto lavado de activos, abuso de autoridad y usurpación.
- Por el caso de la ocupación de PBO Radio en octubre de 2022, la Fiscalía imputa al fundador de RBC la presunta comisión de usurpación agravada y hurto agravado con pedido de 7 años de prisión; el Poder Judicial ordenó su retiro del recinto en diciembre 2022.
- En entrevista de 2021, afirmó que la homosexualidad formaba parte de ""una vida invertida"" y calificó las relaciones homosexuales como ""contranatura"".

## 🔍 INVESTIGACIONES PERIODÍSTICAS

- **Infobea (abril 2026):** Documentó que más de 100,000 personas invirtieron en proyecto ""Canal del Pueblo"" en 1980s; al menos 56,000 accionistas reclaman devolución sin respuesta tras recaudación de entre 6 y 7 millones de dólares.
- **La República (abril 2026):** Reportó cuatro investigaciones en Fiscalía por presunto lavado de activos, abuso de autoridad y usurpación.
- **Canal N (abril 2026):** Confirmó que ha postulado ocho veces a distintos cargos; en 1986 más de 100,000 invirtieron en ""Canal del Pueblo""; control de RBC marcado por disputas familiares y transferencias de acciones.

## 📊 CONCLUSIÓN NEUTRAL

Ricardo Belmont Cassinelli es candidato con amplia trayectoria empresarial y política de 40 años. Cuenta con experiencia demostrada en gestión municipal (1990-1995) con obras infraestructurales reconocidas internacionalmente. Sin embargo, su candidatura está marcada por controversias significativas: la presunta estafa a más de 100,000 inversionistas del ""Canal del Pueblo"" con recaudación de millones de dólares nunca reembolsados, cuatro investigaciones fiscales en curso por lavado de activos, abuso de autoridad y usurpación, y disputas judiciales recientes por control de medios de comunicación. Sus propuestas de gobierno enfatizan reconstrucción institucional, obras sociales locales y enfoque de seguridad basado en cambio cultural. Requiere evaluación ciudadana equilibrada de su trayectoria empresarial cuestionada versus su experiencia administrativa.",2026-04-11 16:54:00.420811
23,pros_contras,149,"## 📋 PROPUESTAS CLAVE DEL PLAN DE GOBIERNO

- **Dimensión social - Nutrición:** Eliminar la desnutrición crónica infantil en niños menores de cinco años y fomentar consumo de alimentos nacionales.
- **Dimensión social - Vivienda:** Crear el programa ""VIVIENDA JOVEN"" y fortalecer MiVIVIENDA y TECHO PROPIO para reducir progresivamente el déficit habitacional.
- **Dimensión social - Salud:** Disponer del 7% del PBI para el sector salud, invertir entre US$800 y US$1,000 anuales por habitante y alcanzar una ratio de 2 camas por cada mil habitantes.
- **Dimensión institucional - Anticorrupción:** Presentar la ""Ley Patriota"" el 28 de julio de 2026 para su aprobación en 60 días y convocar referéndum nacional el 7 de octubre de 2026.
- **Dimensión económica - Empleo:** Crear un promedio de un millón de nuevos empleos formales por año mediante integración de la economía informal al sistema formal.
- **Dimensión económica - Reforma tributaria:** Reducir progresivamente la tasa del Impuesto General a las Ventas (IGV) hasta llegar al 10%.
- **Dimensión económica - Infraestructura:** Plan de inversiones por US$65 mil millones en carreteras, túneles, ferrocarriles, colegios y hospitales.

---

## ✅ ASPECTOS POSITIVOS DEL CANDIDATO

- **Rol histórico en caída del fujimorismo:** El 14 de septiembre de 2000 convocar a una conferencia de prensa en el Gran Hotel Bolívar. Junto a Luis Iberico y la ex primera dama Susana Higuchi, difundieron a nivel nacional el primer vladivideo, donde se aprecia a Vladimiro Montesinos entregando dinero a Alberto Kouri.

- **Trayectoria parlamentaria prolongada:** Más de 30 años de experiencia en política, con foco en derecho constitucional y relaciones internacionales.

- **Investigación de casos relevantes:** En noviembre de 1992 fue elegido como representante para el Congreso Constituyente Democrático, integrando durante todo este período las Comisiones de Constitución, Fiscalización y Economía. Participó en la Comisión Investigadora del Tren Electrico que concluyó encontrando responsabilidades penales en el ex-Presidente Alan García.

---

## ⚠️ ASPECTOS NEGATIVOS Y RIESGOS DEL CANDIDATO

- **Investigación por colusión en caso Odebrecht:** El Poder Judicial rechazó el pedido del exministro Fernando Olivera para que se archive el delito de colusión agravada que le atribuye la Fiscalía a raíz del caso de la carretera Interoceánica Sur, tramos II y III, vinculado a la multinacional Odebrecht. La sala superior determinó que ""la conducta atribuida al recurrente, calza en el delito que se le atribuye, pues habría contribuido para levantar las observaciones efectuada por la Contraloría al contrato entre el Estado y la empresa Odebrecht"".

- **Caso de cartas falsas al Vaticano:** El cardenal de Lima, Juan Luis Cipriani, afirmó que el ex ministro de Justicia, Fernando Olivera Vega, llevó las cartas falsas al Vaticano con el objetivo de desprestigiarlo y de pedir una sanción para él y para el nuncio apostólico. En 2010, Cipriani optó por cancelar la denuncia.

- **Acusaciones sin sustento y querellas por difamación:** Tras graves imputaciones sobre presuntos vínculos con el narcotráfico y corrupción, el equipo legal de los afectados activa cartas notariales y exige rectificaciones públicas inmediatas. Durante el debate presidencial, el candidato Luis Fernando Olivera acusa a Wolfgang Grozo de defender el narcotráfico y tener vínculos con Montesinos. Este enfrentamiento ha llevado a Acuña a tomar acciones legales por difamación. Tras el debate, César Acuña Peralta utilizó su cuenta de X para anunciar que había autorizado a su equipo legal a interponer una denuncia penal por difamación contra Fernando Olivera.

- **Detención por incumplimiento procesal:** El 27 de enero de 2024, Olivera fue arrestado al regresar de España por una orden de captura relacionada con una querella de difamación presentada por la gobernadora de Moquegua, Gilia Gutiérrez. La detención ocurrió luego de que el excongresista no compareciera a una audiencia programada.

---

## 🔍 INVESTIGACIONES PERIODÍSTICAS

- **RPP (septiembre 2024):** El Poder Judicial rechazó el pedido del exministro Fernando Olivera para que se archive el delito de colusión agravada en el caso Interoceánica.

- **Infobea (marzo 2026):** Fue criticado por la difusión de cifras sobre criminalidad que no coincidían con datos oficiales, lo que generó observaciones desde distintos sectores.

- **Caretas (febrero 2026):** El candidato presidencial Fernando Olivera denunció haber sido hostigado por personas que se identificaron como miembros de la Policía, durante una actividad proselitista realizada en la ciudad de Chimbote.

---

## 📊 CONCLUSIÓN NEUTRAL

Luis Fernando Olivera Vega es una figura de larga trayectoria política con presencia desde 1985 hasta 2026. Su identidad política se construyó principalmente alrededor de la denuncia de la corrupción durante el régimen de Fujimori. Sin embargo, su perfil presenta dualidades significativas: mientras obtuvo reconocimiento por el rol en la difusión del vladivideo en 2000, su gestión como ministro fue breve y conflictiva, y posteriormente ha enfrentado múltiples investigaciones judiciales incluida una por colusión agravada en caso Odebrecht que sigue vigente. Su comportamiento en debates recientes combina denuncias frontalales con acusaciones que han motivado querellas por difamación. Su intención de voto en encuestas es baja. Su plan de gobierno plantea reformas estructurales ambiciosas, aunque su viabilidad política e institucional es cuestionable dado su respaldo limitado y sus procesos pendientes.",2026-04-11 16:57:44.288966
27,comparacion,151:156,"
{
  ""temas"": {
    ""Economía"": {
      ""puntaje_a"": 7, ""puntaje_b"": 7, ""ganador"": ""empate"",
      ""resumen_a"": ""Jorge Montesinos propone <cite index=\""2-1,2-3\"">alcanzar un crecimiento del PBI igual o mayor al 5% anual, reducir la informalidad laboral por debajo del 50% y transicionar de la economía extractiva a una diversificada</cite>."",
      ""resumen_b"": ""María Perez propone <cite index=\""17-2,17-3,14-5\"">promover la formalización en todos los sectores económicos mediante incentivos y aplicar un mecanismo fast track para destrabar proyectos de inversión priorizados</cite>.""
    },
    ""Seguridad"": {
      ""puntaje_a"": 6, ""puntaje_b"": 8, ""ganador"": ""B"",
      ""resumen_a"": ""Jorge Montesinos plantea <cite index=\""2-9,2-10\"">una política de seguridad ciudadana integral para reducir delitos violentos, fortaleciendo la Policía Nacional y el sistema de justicia</cite>."",
      ""resumen_b"": ""María Perez propone <cite index=\""13-1,17-4\"">derogar inmediatamente las leyes pro-crimen y crear unidades integradas PNP-Fiscalía especializadas contra la extorsión</cite>.""
    },
    ""Educación"": {
      ""puntaje_a"": 6, ""puntaje_b"": 8, ""ganador"": ""B"",
      ""resumen_a"": ""Jorge Montesinos propone <cite index=\""1-7\"">el cierre de brechas de conectividad en el 100% de las escuelas públicas y la digitalización total del sistema educativo</cite>."",
      ""resumen_b"": ""María Perez busca <cite index=\""18-10\"">incrementar en 15 puntos porcentuales el porcentaje de estudiantes de cuarto de primaria en nivel satisfactorio de lectura y reducir la brecha urbano-rural</cite>.""
    },
    ""Salud"": {
      ""puntaje_a"": 8, ""puntaje_b"": 7, ""ganador"": ""A"",
      ""resumen_a"": ""Jorge Montesinos plantea <cite index=\""6-5,6-6,6-7\"">crear un Sistema Prestacional Único integrando MINSA, EsSalud y fuerzas del orden, con Historia Clínica Electrónica centralizada</cite>."",
      ""resumen_b"": ""María Perez propone <cite index=\""18-12,17-7\"">cerrar en 70% la brecha de recursos humanos en salud y promover la telemedicina para zonas alejadas</cite>.""
    },
    ""Transporte"": {
      ""puntaje_a"": 8, ""puntaje_b"": 4, ""ganador"": ""A"",
      ""resumen_a"": ""Jorge Montesinos propone <cite index=\""1-5\"">proyectos estratégicos de integración ferroviaria nacional como el tren Marcona-Andahuaylas y la conexión Cerro de Pasco-Pucallpa-Brasil</cite>."",
      ""resumen_b"": ""María Perez no presenta propuestas concretas de transporte en sus documentos revisados, solo <cite index=\""20-14\"">critica las propuestas de otros candidatos mencionando la necesidad de trenes de verdad</cite>.""
    },
    ""Medio Ambiente"": {
      ""puntaje_a"": 7, ""puntaje_b"": 5, ""ganador"": ""A"",
      ""resumen_a"": ""Jorge Montesinos busca <cite index=\""6-8,6-9\"">modernizar la economía con enfoque en la Amazonía y biotecnología, invirtiendo en ciencia para aprovechar la biodiversidad</cite>."",
      ""resumen_b"": ""María Perez no desarrolla propuestas específicas de medio ambiente en los documentos revisados, limitándose a mencionar aspectos generales de sostenibilidad.""
    },
    ""Corrupción"": {
      ""puntaje_a"": 6, ""puntaje_b"": 8, ""ganador"": ""B"",
      ""resumen_a"": ""Jorge Montesinos propone <cite index=\""1-6\"">una reforma profunda del Estado basada en la meritocracia y transparencia radical para recuperar la confianza ciudadana</cite>."",
      ""resumen_b"": ""María Perez plantea <cite index=\""17-5,18-3\"">crear una autoridad nacional de transparencia como organismo constitucional autónomo y elevar a 95% el cumplimiento del Portal de Transparencia</cite>.""
    }
  },
  ""ganador_general"": ""empate"",
  ""puntaje_total_a"": 48,
  ""puntaje_total_b"": 47,
  ""resumen_ganador"": ""La competencia resulta técnicamente empate con solo un punto de diferencia, donde Jorge Montesinos destaca en transporte y medio ambiente mientras María Perez sobresale en seguridad y educación."",
  ""nota_neutralidad"": ""Este análisis es informativo y no constituye recomendación de voto""
}
",2026-04-11 17:30:17.360967
29,comparacion,147:155,"
{
  ""temas"": {
    ""Economía"": {
      ""puntaje_a"": 6, 
      ""puntaje_b"": 8, 
      ""ganador"": ""B"",
      ""resumen_a"": ""César Peralta propone generar condiciones para exportaciones de 100 mil millones de dólares anuales y promover el desarrollo agroexportador, junto con una política de formalización de las MYPE."",
      ""resumen_b"": ""Carlos Álvarez presenta un plan económico más estructurado con 10 ejes que incluyen la protección de la autonomía del BCR, limitar el déficit fiscal al 30% del PBI y reformas tributarias para elevar la presión tributaria al 17%.""
    },
    ""Seguridad"": {
      ""puntaje_a"": 7, 
      ""puntaje_b"": 8, 
      ""ganador"": ""B"",
      ""resumen_a"": ""César Peralta plantea un 'Plan de Choque' en 150 días con la creación de un Comando Nacional contra la extorsión y el sicariato, además de un Centro Nacional de Inteligencia."",
      ""resumen_b"": ""Carlos Álvarez propone medidas más radicales incluyendo salir del Pacto de San José para aplicar pena de muerte, reforma del Código Penal y fortalecimiento histórico de inteligencia.""
    },
    ""Educación"": {
      ""puntaje_a"": 5, 
      ""puntaje_b"": 6, 
      ""ganador"": ""B"",
      ""resumen_a"": ""César Peralta propone reestructurar el MINEDU y reformar el currículo, pero no presenta detalles específicos sobre estas reformas en la información disponible."",
      ""resumen_b"": ""Carlos Álvarez enfatiza la inversión en educación como tercer pilar de su propuesta, vinculándola directamente con la lucha contra la anemia y la inversión en la primera infancia.""
    },
    ""Salud"": {
      ""puntaje_a"": 7, 
      ""puntaje_b"": 8, 
      ""ganador"": ""B"",
      ""resumen_a"": ""César Peralta propone asegurar el acceso real a servicios de salud con el 'Plan Mil' vía APP, construir hospitales mediante asociaciones público-privadas y fortalecer la atención primaria."",
      ""resumen_b"": ""Carlos Álvarez presenta un enfoque integral con cero tolerancia a la anemia infantil, intervención focalizada en primera infancia y seguimiento nominal con resultados medibles.""
    },
    ""Transporte"": {
      ""puntaje_a"": 6, 
      ""puntaje_b"": 4, 
      ""ganador"": ""A"",
      ""resumen_a"": ""César Peralta propone la compra de un 'pool de maquinarias para cada provincia' para mejorar las carreteras del país en sus primeros 100 días de gobierno."",
      ""resumen_b"": ""Carlos Álvarez no presenta propuestas específicas de transporte en la información disponible, centrándose más en aspectos de seguridad y economía.""
    },
    ""Medio Ambiente"": {
      ""puntaje_a"": 6, 
      ""puntaje_b"": 5, 
      ""ganador"": ""A"",
      ""resumen_a"": ""César Peralta propone dotar de mayor presencia del Estado en zonas fronterizas afectadas por la minería ilegal como parte de su estrategia de control territorial."",
      ""resumen_b"": ""Carlos Álvarez no presenta propuestas específicas de medio ambiente en su plan, enfocándose principalmente en seguridad, economía y anticorrupción.""
    },
    ""Corrupción"": {
      ""puntaje_a"": 6, 
      ""puntaje_b"": 8, 
      ""ganador"": ""B"",
      ""resumen_a"": ""César Peralta promete cárcel para los corruptos y fortalecer la Contraloría con control concurrente en todas las etapas de los proyectos de inversión pública."",
      ""resumen_b"": ""Carlos Álvarez plantea tolerancia cero a la corrupción como uno de sus principios centrales, con reformas estructurales del Estado y vigilancia ciudadana permanente.""
    }
  },
  ""ganador_general"": ""B"",
  ""puntaje_total_a"": 43,
  ""puntaje_total_b"": 47,
  ""resumen_ganador"": ""Carlos Álvarez obtiene una ventaja ligera por presentar un plan más estructurado y específico en áreas clave como economía, seguridad y salud, con metas cuantificables y plazos definidos."",
  ""nota_neutralidad"": ""Este análisis es informativo y no constituye recomendación de voto""
}
",2026-04-11 17:32:56.773378
12,pros_contras,151,"## 1. SISTEMA DE SALUD ÚNICO E INTEGRADO

**Qué propone:** Consolidar un sistema prestacional único que integre SIS, EsSalud, FFAA y privados, donde 90% de peruanos pueda atender con su DNI en cualquier IPRESS del país.

**Costo estimado:** Con presupuesto 2026 de S/257.561 millones con crecimiento de solo 2,3%, unificar sistemas requeriría entre S/15.000-20.000 millones adicionales anuales para infraestructura tecnológica, estandarización de prestaciones y ampliación de cobertura.

**Precedentes internacionales:** Reino Unido con NHS ofrece atención médica gratuita universal, y Canadá con sistema Medicare universal cubre toda la población. Pero NHS británico enfrenta severos problemas financieros con déficit de 2.5 mil millones de libras.

**Restricciones:** Regla fiscal exige déficit máximo 1.8% del PBI en 2026, actualmente ya se redujo de 3.5% a 2.6%. Sistema fragmentado actual con diferentes niveles de cotización y prestaciones haría extremadamente costosa la unificación.

**Veredicto:** **Baja viabilidad**. Costo fiscal insostenible bajo restricciones presupuestarias actuales.

---

## 2. REDUCIR VIOLENCIA CONTRA MUJERES A 2.4%

**Qué propone:** Disminuir el porcentaje de mujeres víctimas de violencia física o sexual por su pareja de niveles actuales al 2.4% para 2031.

**Costo estimado:** S/2.000-3.000 millones anuales para casas de refugio, programas de prevención, fortalecimiento judicial y capacitación masiva. España destina 153.4 millones de euros (4.4% de su componente 22).

**Precedentes internacionales:** España logró reducir asesinatos por violencia de género 24% en quinquenio 2018-2022 vs 2003-2007 y más del 30% entre 2003-2024. Finlandia tiene 23% de violencia de pareja vs 26% EEUU, 24% Reino Unido.

**Restricciones:** Finlandia con 23% sigue teniendo niveles altos pese a políticas progresivas. Meta del 2.4% extremadamente ambiciosa considerando que países desarrollados como España tienen 15%.

**Veredicto:** **Media viabilidad**. Meta demasiado optimista pero programas pueden reducir índices significativamente.

---

## 3. REDUCIR INFORMALIDAD LABORAL AL 50%

**Qué propone:** Disminuir informalidad laboral de 70% actual al 50% de la PEA mediante reformas estructurales y mejoras de productividad.

**Costo estimado:** S/5.000-8.000 millones anuales en incentivos fiscales, simplificación tributaria, capacitación laboral y reducción de costos no salariales.

**Precedentes internacionales:** OCDE recomienda reducir costos laborales no salariales, simplificar regulaciones empresariales y ampliar acceso a financiamiento para PyMEs. Perú tiene 3 de cada 5 jóvenes en informalidad, con altos sobrecostos de contratación formal.

**Restricciones:** Informalidad afecta más del 70% de trabajadores y 75% según otras fuentes. Problema estructural arraigado que requiere reformas profundas.

**Veredicto:** **Media viabilidad**. Factible con reformas integrales pero meta del 50% muy optimista en 6 años.

---

## 4. DEFORESTACIÓN ILEGAL CERO EN MINERÍA

**Qué propone:** Alcanzar reducción neta a cero hectáreas anuales de deforestación amazónica causada por minería ilegal para 2031.

**Costo estimado:** S/3.000-5.000 millones anuales para fortalecer OSINERGMIN, crear fuerzas especializadas, tecnología de monitoreo satelital y programas de formalización minera.

**Precedentes internacionales:** Brasil con PPCDAm redujo deforestación 80% entre 2004-2012, alcanzando solo 20% del promedio histórico. Deforestación bajó de 12,911 Km2 en 2008 a 7,464 Km2 en 2009.

**Restricciones:** PPCDAm no pudo frenar desmonte pequeño ni minería ilegal de oro. Deforestación a pequeña escala incrementó por falta de capacidad institucional y reducción presupuestal desde 2010.

**Veredicto:** **Baja viabilidad**. Brasil con mayores recursos no logró controlar minería ilegal completamente.

---

## 5. MATRIZ ENERGÉTICA 70% RENOVABLE NO CONVENCIONAL

**Qué propone:** Alcanzar 70% de participación de energías renovables no convencionales en generación eléctrica para 2031.

**Costo estimado:** S/25.000-35.000 millones en inversión para infraestructura solar, eólica, biomasa y redes inteligentes. Requiere inversión privada masiva.

**Precedentes internacionales:** Costa Rica tiene matriz eléctrica casi 100% renovable, generando 98% de electricidad con renovables. Dinamarca es líder mundial en transición eólica, consolidándose como líder en industria eólica global.

**Restricciones:** Costa Rica depende 70% de hidroeléctrica, no de renovables no convencionales como propone el plan. Perú necesitaría inversión masiva en transmisión y almacenamiento.

**Veredicto:** **Alta viabilidad**. Con marco regulatorio adecuado e inversión privada es factible, pero requiere incentivos fiscales significativos.

---

## 6. PROFESIONALIZACIÓN SERVICIO CIVIL - 70% MERITOCRACIA

**Qué propone:** Que 70% de puestos directivos del Estado sean cubiertos por meritocracia al 2031, fortaleciendo integridad estatal.

**Costo estimado:** S/1.500-2.500 millones anuales para modernizar SERVIR, crear sistemas de evaluación, capacitación y concursos transparentes.

**Precedentes internacionales:** Chile y Colombia han avanzado en profesionalización con sistemas de alta dirección pública, logrando 40-50% de cobertura meritocrática en cargos estratégicos.

**Restricciones:** Alto porcentaje de congresistas y gobernadores con juicios penales sugiere resistencia política. Sistema politizado actual con alta rotación en cambios de gobierno.

**Veredicto:** **Alta viabilidad**. Costo moderado y experiencias exitosas regionales respaldan factibilidad.

---

## 📊 VEREDICTO GLOBAL DEL PLAN

**Coherencia fiscal:** Con regla fiscal de 1.8% del PBI para 2026 y 41 iniciativas legislativas sin financiamiento que costarían S/25.902 millones adicionales (2.2% del PBI), el plan es **fiscalmente inviable**. Las propuestas más costosas (salud única, matriz energética) superan ampliamente el margen fiscal disponible.

**Propuestas consistentes:** Si bien los objetivos son loables y se alinean con agenda de desarrollo sostenible, varias metas son **demasiado optimistas** considerando el contexto peruano. El plan propone medidas populistas que elevan carga tributaria sin abordar el problema de fondo: baja base tributaria y alta informalidad.

**Financiamiento realista:** Ingresos tributarios de solo 17% del PBI limitan recursos. Caída en recaudación y regla fiscal de 2.8% asociada a proyección de crecimiento de ingresos fiscales del 4% hacen el financiamiento **altamente incierto**.

**Conclusión:** Plan con objetivos válidos pero **económicamente inviable** bajo restricciones fiscales actuales. Requiere secuenciación y metas más realistas.",2026-04-11 16:32:40.891002
35,viabilidad,154,"## 1. SISTEMA ANTICORRUPCIÓN CON RANGO CONSTITUCIONAL

**Qué propone:** Crear un sistema anticorrupción con respaldo constitucional, que incluya investigación, sanción y prevención sin depender del gobierno de turno. Meta: alcanzar 90% de confianza ciudadana al 2031.

**Costo estimado:** Entre S/ 1,000-2,000 millones anuales para fortalecer institucionalidad anticorrupción. Crear nuevos órganos especializados requiere presupuesto significativo adicional.

**Precedentes internacionales:** Italia con operación ""Mani Pulite"" redujo corrupción significativamente mediante sistema especializado. México creó sistema nacional anticorrupción con avances parciales pero estructurales insuficientes.

**Restricciones:** La experiencia internacional demuestra que el reconocimiento constitucional no garantiza reducción efectiva de la corrupción sin mecanismos de implementación eficientes y actores políticos podrían resistirse a fiscalización más estricta. Perú ya cuenta con la Comisión de Alto Nivel Anticorrupción desde 2010, con resultados limitados.

**Veredicto:** Media viabilidad.

---

## 2. COBERTURA PREVISIONAL PARA 7 DE CADA 10 ADULTOS MAYORES

**Qué propone:** Ampliar sistema de pensiones para que 70% de adultos mayores tenga algún tipo de pensión al 2031, mediante esquema no contributivo universal.

**Costo estimado:** Con base en experiencias regionales, programa universal requeriría aproximadamente S/ 15,000-20,000 millones anuales. México invierte 6,400 pesos bimestrales por adulto mayor (equivalente a S/ 750 mensual en Perú).

**Precedentes internacionales:** México implementó pensión universal no contributiva en 2019 con cobertura a todos los mayores de 65 años y resultados positivos en reducción de pobreza. Brasil con BPC desde 1996 permite que adultos mayores pobres se jubilen y mejora significativamente calidad de vida.

**Restricciones:** Presupuesto 2026 de S/ 257,561 millones con crecimiento de apenas 2.3%, el más bajo en una década, y meta de déficit fiscal de 1.8% del PBI. Informalidad laboral del 70.9% limita capacidad contributiva del sistema.

**Veredicto:** Baja viabilidad.

---

## 3. REDUCIR TASA DE VICTIMIZACIÓN URBANA A 5% NACIONAL

**Qué propone:** Recuperar control territorial con acciones estratégicas, mayor presencia policial y respuesta rápida de la justicia. Meta: reducir victimización a 5% nacional.

**Costo estimado:** Intervenciones policiales focalizadas con modelo de cuadrantes requieren entre S/ 3,000-5,000 millones anuales adicionales para personal y equipamiento.

**Precedentes internacionales:** Estudios en países desarrollados muestran que vigilancia en ""hotspots"" reduce crimen sin desplazamiento espacial. Colombia implementó programas de justicia procedimental que aumentaron 7% la confianza ciudadana en policía y 8% la demanda de servicios policiales.

**Restricciones:** América Latina tiene tasa de homicidios tres veces superior al promedio mundial (18 vs 5.6 por 100,000 habitantes), siendo región más violenta. Perú enfrenta falta de recursos logísticos y personal policial que afectan implementación efectiva.

**Veredicto:** Media viabilidad.

---

## 4. REDUCIR CRIMEN ORGANIZADO EN 80% AL 2031

**Qué propone:** Golpear redes criminales, su financiamiento y fortalecer capacidades de investigación y sanción. Meta: reducir 80% denuncias por extorsión.

**Costo estimado:** Sistemas de inteligencia financiera y minería de datos para perseguir estructuras criminales requieren S/ 2,000-3,000 millones anuales.

**Precedentes internacionales:** Estados fuertes pueden debilitar crimen organizado bloqueando flujos financieros y atacando estructura patrimonial. Colombia logró desmantelar estructuras criminales mediante investigaciones focalizadas en liderazgos y cadenas de mando.

**Restricciones:** Presencia de cárteles internacionales en la región aprovecha debilidad estatal y alianzas con bandas locales. 50% de homicidios en las Américas están conectados con crimen organizado vs 24% globalmente.

**Veredicto:** Baja viabilidad.

---

## 5. TITULACIÓN DE 1 MILLÓN DE VIVIENDAS ADICIONALES

**Qué propone:** Formalizar propiedad predial mediante titulación masiva para dar seguridad jurídica a familias. Meta: 1 millón de títulos adicionales al 2031.

**Costo estimado:** Con base en programas similares, formalización requiere aproximadamente S/ 1,500-2,500 millones anuales para procesos administrativos y catastro.

**Precedentes internacionales:** Brasil desarrolló sistemas masivos de registro y formalización mediante coordinación interinstitucional entre sectores. México implementó programas de formalización territorial con resultados diferenciados entre urbano y rural.

**Restricciones:** Alta informalidad y debilidad administrativa limitan capacidad de implementación masiva. Requiere coordinación múltiple entre registros públicos, municipalidades y gobierno central.

**Veredicto:** Media viabilidad.

---

## 6. ACCESO A AGUA POTABLE PARA 1 MILLÓN DE PERSONAS

**Qué propone:** Promover acceso universal a agua potable y saneamiento como derecho, cerrando brechas territoriales especialmente en zonas rurales.

**Costo estimado:** Inversión en infraestructura de agua y saneamiento requiere aproximadamente S/ 8,000-12,000 millones para meta propuesta.

**Precedentes internacionales:** Programas latinoamericanos han mejorado acceso mediante transferencias monetarias vinculadas a servicios básicos. Brasil desarrolló sistemas integrados de saneamiento con participación municipal.

**Restricciones:** Presupuesto 2026 prioriza asignación a ministerios y gobiernos con alta ejecución de gasto, pero infraestructura requiere inversión sostenida multianual. Geografía accidentada del país encarece significativamente los costos.

**Veredicto:** Media viabilidad.

---

## 7. 500 MILLONES ADICIONALES PARA INVESTIGACIÓN Y DESARROLLO

**Qué propone:** Fortalecer universidades públicas como motor de ciencia, tecnología e innovación mediante incremento presupuestal significativo.

**Costo estimado:** S/ 500 millones anuales adicionales según la propuesta específica del plan.

**Precedentes internacionales:** OCDE recomienda que países mejoren competencias de fuerza laboral e impulsen acceso de pequeñas empresas al financiamiento para aumentar productividad. Políticas de simplificación tributaria y mejora de predictibilidad regulatoria impulsan formalización e inversión.

**Restricciones:** Alto nivel de informalidad y débiles resultados en educación frenan potencial de crecimiento e innovación. Ingresos tributarios de solo 17% del PBI limitan recursos para necesidades sociales y productivas.

**Veredicto:** Alta viabilidad.

---

## 📊 VEREDICTO GLOBAL DEL PLAN

**Coherencia fiscal:** El Consejo Fiscal identificó 41 iniciativas legislativas sin financiamiento que costarían S/ 25,902 millones adicionales (2.2% del PBI), elevando déficit fiscal de 2.1% a 4.3%. Las propuestas elevarían la deuda pública hacia 70% del PBI en 2036 (32% en 2025).

**Financiamiento realista:** Con déficit fiscal proyectado en 1.8% del PBI para 2026 y presupuesto de solo S/ 257,561 millones con crecimiento de 2.3%, el plan requiere entre S/ 30,000-50,000 millones adicionales anuales que no tienen fuente de financiamiento identificada.

**Propuestas inconsistentes:** El plan combina metas extremadamente ambiciosas (reducir victimización a 5%, eliminar 80% del crimen organizado) con recursos fiscales severamente limitados. Se requieren medidas adicionales equivalentes a 0.3-0.4% del PBI solo para cumplir regla fiscal, sin considerar nuevos programas.

**CONCLUSIÓN:** Plan fiscalmente inviable que promete resultados irrealistas sin financiamiento sostenible.",2026-04-11 17:53:19.771411
36,viabilidad,151,"## 1. SISTEMA PRESTACIONAL ÚNICO E INTEGRADO DE SALUD

**Qué propone:** Consolidar un sistema único que permita acceso con DNI a cualquier IPRESS, fusionando regímenes públicos, EsSalud, servicios municipales, fuerzas armadas y privados.

**Costo estimado:** Fusionar los múltiples regímenes existentes requiere inversión en tecnología, armonización de bases de datos y reestructuración administrativa. Costo aproximado: S/ 5,000-8,000 millones en 5 años.

**Precedentes internacionales:** Colombia logró cobertura universal del 99.6% mediante la Ley 100 de 1993, manteniendo dos sistemas coexistentes: régimen contributivo (privado) y subsidiado (gratuito). Chile mantiene dualidad público-privada pero con aseguramiento casi universal.

**Restricciones:** El déficit fiscal debe ser máximo 1.8% del PBI en 2026, limitando recursos para reformas costosas. La resistencia corporativa de EsSalud y el sector privado complicaría la fusión. Los sistemas informáticos fragmentados requieren años para integrarse.

**Veredicto:** Media viabilidad. La propuesta es técnicamente factible pero políticamente compleja y costosa en el contexto fiscal actual.

---

## 2. REDUCIR VIOLENCIA CONTRA MUJERES AL 2.4%

**Qué propone:** Reducir la violencia física/sexual de pareja del nivel actual al 2.4% mediante programas integrales de prevención y atención.

**Costo estimado:** Programas de prevención, capacitación policial-judicial, casas de refugio y sistemas de alerta requieren S/ 2,000-3,500 millones en el quinquenio.

**Precedentes internacionales:** España redujo feminicidios 40% con la Ley Integral contra la Violencia de Género (2004), invirtiendo 0.02% del PIB anual. Uruguay implementó sistema nacional coordinado reduciendo casos reportados 25% en 5 años.

**Restricciones:** La informalidad afecta al 70% de trabajadores, limitando el alcance de programas laborales preventivos. El sistema judicial débil con 15% de población sin seguro complica la atención integral.

**Veredicto:** Media viabilidad. El objetivo es ambicioso pero requiere transformación cultural y fortalecimiento institucional de largo plazo.

---

## 3. DIVERSIFICAR MATRIZ ENERGÉTICA AL 70% RENOVABLE NO CONVENCIONAL

**Qué propone:** Alcanzar 70% de energías renovables no convencionales (eólica, solar) en generación eléctrica para 2031.

**Costo estimado:** Inversión masiva en parques eólicos y solares, redes de transmisión y almacenamiento: US$ 15,000-25,000 millones según capacidad instalada requerida.

**Precedentes internacionales:** Dinamarca es líder mundial en transición energética desde la crisis petrolera de 1970. En 2022 alcanzó 45% renovable en su matriz. Brasil tiene matriz eléctrica renovable basada principalmente en hidráulica.

**Restricciones:** El presupuesto 2026 creció solo 2.3%, el menor crecimiento en una década. Perú tiene matriz energética principalmente hidroeléctrica, no las renovables ""no convencionales"" que plantea la meta. Requiere marco regulatorio que incentive inversión privada masiva.

**Veredicto:** Baja viabilidad. Meta demasiado ambiciosa sin financiamiento público adecuado y marco regulatorio favorable para la inversión privada.

---

## 4. REDUCIR INFORMALIDAD LABORAL AL 50%

**Qué propone:** Bajar la tasa de informalidad laboral del actual 70%+ al 50% de la PEA mediante reformas estructurales e incentivos.

**Costo estimado:** Reformas tributarias, subsidios a formalización, simplificación regulatoria y programas de capacitación: S/ 8,000-12,000 millones en 5 años.

**Precedentes internacionales:** La OCDE recomienda reducir costos laborales no salariales, simplificar regulaciones y ampliar acceso a financiamiento para MYPE. Chile redujo informalidad de 55% a 28% entre 2000-2020 con reformas graduales.

**Restricciones:** La informalidad afecta a más del 70% de trabajadores y la mayoría de empresas. Las propuestas de mayor carga tributaria solo restan competitividad al sector formal. Los altos sobrecostos laborales desincentivan contratación formal.

**Veredicto:** Media viabilidad. Requiere reformas estructurales profundas que van más allá del mandato presidencial y consenso político amplio.

---

## 5. ALCANZAR 70% DE PUESTOS DIRECTIVOS POR MERITOCRACIA

**Qué propone:** Profesionalizar el servicio civil cubriendo 70% de puestos directivos mediante concursos meritocráticos transparentes.

**Costo estimado:** Fortalecimiento de SERVIR, sistemas de selección, capacitación y evaluación: S/ 1,500-2,500 millones en implementación.

**Precedentes internacionales:** Chile con el Sistema de Alta Dirección Pública (SADP) desde 2003 logró profesionalizar 80% de cargos directivos. Colombia implementó meritocracia gradual alcanzando 60% de cobertura.

**Restricciones:** La tradición clientelar y el patronazgo político resisten la meritocracia. Las restricciones fiscales limitan recursos para mejorar remuneraciones y atraer talento. Falta voluntad política para ceder control sobre nombramientos.

**Veredicto:** Alta viabilidad. Es la propuesta más factible técnica y financieramente, aunque políticamente compleja.

---

## 6. AUMENTAR 40% LA PRODUCTIVIDAD DE MYPE

**Qué propone:** Incrementar productividad sectorial de micro y pequeñas empresas mediante capacitación, tecnología y acceso a financiamiento.

**Costo estimado:** Programas de capacitación, subsidios tecnológicos, fondos de garantía y asistencia técnica: S/ 4,000-6,000 millones en el quinquenio.

**Precedentes internacionales:** La OCDE recomienda ampliar acceso a financiamiento para micro y pequeñas empresas. Corea del Sur logró aumentos de productividad de 30-50% en MYPE con programas integrales de modernización tecnológica.

**Restricciones:** La informalidad afecta a la mayoría de empresas, limitando el alcance de programas formales. Las MYPE informales no acceden a programas gubernamentales. La baja bancarización dificulta el acceso al crédito.

**Veredicto:** Media viabilidad. Objetivo ambicioso que requiere abordar simultáneamente informalidad, acceso al crédito y capacitación técnica.

---

## 📊 VEREDICTO GLOBAL DEL PLAN

**Coherencia fiscal:** Con déficit fiscal limitado a 1.8% del PBI en 2026 y presupuesto con menor crecimiento en década (2.3%), el financiamiento de estas reformas es problemático. 41 iniciativas legislativas sin financiamiento costarían S/ 25,902 millones adicionales, elevando el déficit a 4.3% del PBI.

**Consistencia entre propuestas:** El plan carece de priorización. Implementar simultáneamente sistema de salud único, matriz energética renovable y reducción de informalidad excede la capacidad fiscal e institucional del Estado peruano.

**Financiamiento realista:** Los ingresos fiscales de solo 17% del PIB limitan recursos para necesidades sociales y productivas. Se requieren medidas adicionales equivalentes a 0.3% del PIB en 2025 y 0.4% en 2026 solo para cumplir regla fiscal.

Las propuestas son individualmente válidas pero colectivamente inviables dado el contexto fiscal restrictivo y la debilidad institucional del Estado peruano. Sin reformas tributarias profundas y consenso político amplio, el plan resultaría en mayor déficit fiscal y promesas incumplidas.",2026-04-11 17:54:46.799456
